800,-0.00023762,800,-0.000625886,800,7.67E-05,800,0.000259429
799,-0.0007871,799,-0.000552728,799,-9.63E-05,799,0.000494781
798,-0.000401047,798,-0.000482453,798,0.000192013,798,0.000417353
797,-0.001073509,797,-1.29E-06,797,-0.000176248,797,0.000183622
796,-0.000783224,796,0.00046187,796,0.000595319,796,0.000282663
795,-0.000310158,795,-0.000478161,795,0.000269375,795,0.000562271
794,-0.000536285,794,-0.000117403,794,4.85E-05,794,0.000243008
793,-0.00066352,793,-0.000483229,793,-0.000231048,793,0.000573546
792,-0.000544196,792,-0.000210712,792,0.000161144,792,0.000471484
791,-0.000757074,791,-0.000429857,791,-1.58E-05,791,0.000135457
790,-0.000505466,790,5.99E-05,790,0.000207241,790,0.000468893
789,-0.000577287,789,-0.000412789,789,0.000121578,789,0.000559575
788,-0.000538819,788,-0.000154874,788,7.34E-05,788,0.000261087
787,-0.000405702,787,-0.000141625,787,7.53E-05,787,0.000329731
786,-0.000501381,786,-0.000613478,786,0.000227545,786,0.000791226
785,-0.000268199,785,3.86E-05,785,0.000132971,785,0.000684187
784,-0.000299346,784,-0.000347096,784,0.000208121,784,0.000609213
783,-0.000116575,783,-0.000196327,783,0.000216538,783,0.000461715
782,-0.000346475,782,-0.000345802,782,0.000501468,782,0.000393541
781,-0.000450027,781,-0.000403375,781,6.15E-05,781,0.000392868
780,-2.85E-06,780,-0.000283411,780,0.000277198,780,0.000564007
779,-0.000634984,779,-0.000556864,779,-1.36E-05,779,0.000982473
778,-0.000242122,778,-8.49E-05,778,0.000357373,778,0.00069684
777,-0.000415995,777,-4.35E-05,777,0.000542624,777,0.000567403
776,-0.000878819,776,-0.000291378,776,-0.000177904,776,0.000382375
775,-0.000192859,775,-9.46E-05,775,0.000130873,775,0.00056691
774,-0.000108449,774,-0.000241242,774,0.000230861,774,0.000615253
773,-0.000404202,773,-0.000235136,773,0.00024824,773,0.000887215
772,-0.000303847,772,-0.000363959,772,0.000104022,772,0.000304578
771,-0.000670808,771,-0.000443666,771,6.21E-05,771,0.000520387
770,-0.000692932,770,-0.000317453,770,0.000262511,770,0.000505277
769,-0.000711488,769,-0.000560328,769,-7.37E-05,769,0.000138434
768,-0.000512602,768,-0.000145662,768,0.000258548,768,0.00053179
767,-0.000386616,767,-0.000323506,767,0.00020276,767,0.000495429
766,-0.000280565,766,-0.000188823,766,0.00026808,766,0.000624611
765,-0.00054492,765,-0.000584681,765,-0.000175057,765,0.000162076
764,-0.000874892,764,-0.000308141,764,0.000165572,764,0.00084626
763,-0.000788547,763,-0.000792474,763,-0.000174643,763,0.000215088
762,-0.000554744,762,-0.000448165,762,-1.96E-05,762,0.000142629
761,-0.00048628,761,-0.000439011,761,0.000280798,761,0.000316157
760,-0.00058768,760,-0.000295155,760,0.00028142,760,0.000162698
759,-0.000539491,759,-0.000357907,759,0.000137347,759,0.000585728
758,-0.000733093,758,-0.000617614,758,0.000120982,758,0.000466068
757,-0.000690451,757,-0.000620664,757,9.44E-05,757,0.000389137
756,-0.000728441,756,-0.000581786,756,3.99E-05,756,3.17E-05
755,-0.000256299,755,-0.000185045,755,0.000427976,755,0.000495585
754,-0.000327645,754,-0.000180491,754,0.00051072,754,0.000115286
753,-0.000344975,753,-8.76E-05,753,0.000306779,753,0.000293206
752,-0.000433581,752,-0.000559553,752,0.000388178,752,0.000264324
751,-0.00065437,751,-3.86E-05,751,0.000140584,751,0.000527332
750,-0.000742706,750,-0.000493417,750,-9.60E-05,750,-0.00012703
749,-0.000374874,749,-0.00021035,749,0.000223402,749,9.82E-05
748,-0.000434977,748,2.59E-08,748,0.000167618,748,0.000274711
747,-7.73E-05,747,-0.000123096,747,0.000308385,747,0.000175232
746,-0.000282169,746,-0.000426857,746,8.98E-05,746,0.000475578
745,-0.000597296,745,-0.00054492,745,4.57E-05,745,8.98E-05
744,-0.000801725,744,-0.000558105,744,-9.23E-05,744,2.24E-05
743,-0.000516532,743,-0.00064734,743,1.39E-05,743,0.0001642
742,-0.00048085,742,-0.000377512,742,0.000312349,742,0.000480787
741,-0.000583905,741,-0.000170503,741,0.000289009,741,0.000186807
740,-0.000584112,740,-0.00050893,740,0.000397739,740,-0.000104722
739,-0.000608515,739,-0.000602259,739,4.49E-05,739,-6.74E-05
738,-0.000990199,738,-0.000801104,738,-0.000118542,738,-0.00010555
737,-0.000861613,737,-0.000659229,737,-0.000166208,737,0.000196674
736,-0.000621491,736,-0.000531528,736,-0.000130032,736,-0.000246002
735,-0.000477489,735,-0.000690348,735,0.000295304,735,2.86E-05
734,-0.000281755,734,3.54E-05,734,3.23E-05,734,-4.23E-05
733,-0.000246416,733,-0.000390599,733,0.000312867,733,0.00033056
732,-0.000988391,732,-0.000790562,732,-0.00014944,732,-0.000486073
731,-0.000438442,731,-0.000621957,731,0.00012919,731,0.000254404
730,-0.000800019,730,-0.0003562,730,9.99E-05,730,0.00030336
729,-0.000466835,729,-0.000482143,729,8.43E-05,729,4.86E-05
728,-0.000413564,728,0.000102288,728,0.000254119,728,0.000139651
727,-0.000341302,727,2.73E-05,727,0.000560067,727,3.79E-05
726,-8.82E-05,726,-0.000574495,726,7.11E-05,726,-6.36E-05
725,-0.00037146,725,-0.00039184,725,-3.57E-05,725,0.000118962
724,-0.000270528,724,-0.000583699,724,8.11E-05,724,-3.27E-05
723,-0.000415944,723,-0.00041703,723,-2.23E-06,723,0.000339213
722,-0.000201191,722,-0.00036339,722,8.07E-05,722,-1.51E-05
721,-0.000158186,721,-0.000213507,721,0.000389215,721,0.000230731
720,-8.33E-05,720,-4.79E-05,720,0.000441425,720,-0.00014473
719,-0.000343423,719,-0.000420909,719,0.000299656,719,-2.49E-06
718,-0.000567102,718,-0.000342129,718,-0.000208643,718,-9.74E-05
717,0.000273908,717,-0.000164086,717,8.84E-05,717,0.000461922
716,-0.000373477,716,-0.000214956,716,-4.96E-05,716,4.88E-05
715,7.95E-06,715,-0.000324075,715,0.000160341,715,0.000110262
714,-0.000250504,714,-0.00030038,714,0.000164977,714,-0.00022101
713,-0.000225667,713,-0.00015534,713,-0.000282686,713,-0.000239741
712,-0.000296552,712,-0.000214179,712,-0.000105861,712,3.00E-05
711,-0.000127289,711,5.09E-05,711,-4.08E-05,711,0.000203641
710,-0.000132154,710,-0.000455716,710,-0.000145921,710,0.000110599
709,-0.000242122,709,-0.000330904,709,-0.000194671,709,-1.59E-05
708,-0.000265043,708,-0.000446976,708,-6.42E-05,708,-0.000341767
707,-0.000467353,707,-0.000145662,707,0.000205816,707,0.000175957
706,-0.000132568,706,-0.000262974,706,9.48E-05,706,0.000362658
705,-0.000481316,705,-0.000345078,705,-0.000145869,705,-4.76E-05
704,-0.000156841,704,-0.000241915,704,5.11E-05,704,0.000545449
703,-0.000300691,703,-0.00039034,703,-0.000261732,703,-2.58E-05
702,6.01E-05,702,7.97E-05,702,0.00010511,702,-0.000145558
701,-0.000259869,701,-0.000121647,701,-5.11E-05,701,-6.67E-05
700,-0.000338922,700,-0.000482557,700,0.000403957,700,-0.000145662
699,-0.000356252,699,-0.00075449,699,0.000172797,699,-9.50E-05
698,-0.000335249,698,-9.57E-05,698,0.000203201,698,3.37E-05
697,-0.000340267,697,-0.000458095,697,-0.000151148,697,0.000198643
696,-0.000337008,696,-0.000306382,696,1.01E-05,696,-0.000117765
695,-0.000411237,695,0.000130174,695,-0.000187788,695,-0.000193015
694,-0.000336077,694,0.000337943,694,-0.000239897,694,0.000202553
693,-0.000180439,693,0.000437175,693,0.00034271,693,0.00056971
692,-6.86E-05,692,0.000286238,692,0.00066145,692,0.00049022
691,-0.000420288,691,1.24E-05,691,0.000326441,691,0.000322918
690,-0.000473403,690,-0.000311917,690,-0.000110881,690,-0.00035439
689,-0.000500295,689,-9.92E-05,689,-0.000115747,689,-0.000104463
688,-0.000593263,688,-0.00061627,688,-0.000100581,688,-0.000452768
687,-0.000229962,687,-7.48E-05,687,9.55E-05,687,-9.47E-05
686,-0.000631572,686,-0.000177076,686,0.000214725,686,0.000112852
685,-0.000227892,685,-0.000203157,685,0.000301573,685,0.000210141
684,-0.000493003,684,-0.000103635,684,0.000171736,684,0.000196467
683,-0.000886621,683,-0.000566843,683,-0.000385219,683,-4.51E-05
682,-0.000719758,682,6.39E-06,682,-2.62E-05,682,-6.00E-05
681,-0.000798469,681,-0.000124856,681,7.48E-05,681,-0.000333232
680,-0.000647288,680,8.97E-05,680,0.000150294,680,-0.000314608
679,-0.001065556,679,-0.000108863,679,-0.00039334,679,-0.000348596
678,-0.000799864,678,-0.00034813,678,-0.00029024,678,-0.000290343
677,-0.00095404,677,-0.000981108,677,-0.00030483,677,-0.000431874
676,-0.00058861,676,-0.000714589,676,-6.41E-05,676,6.48E-05
675,-0.00057403,675,-0.000686729,675,-0.000370736,675,-0.000504483
674,-0.000695982,674,-0.000559553,674,-0.000344923,674,-0.000453803
673,-0.00066414,673,-0.000984311,673,-0.000369443,673,-0.000850763
672,-0.000860787,672,-0.001217056,672,-4.99E-05,672,-0.000259197
671,-0.001127887,671,-0.001157268,671,-0.000396289,671,-0.000673445
670,-0.001116217,670,-0.001399416,670,-0.000425874,670,-0.000537422
669,-0.000737279,669,-0.000736297,669,-0.000575168,669,-0.000321281
668,-0.000710816,668,-5.32E-05,668,-0.000118593,668,-0.000118852
667,-0.000453596,667,-0.000256868,667,0.000195431,667,-0.000122993
666,-0.000946085,666,-0.000294741,666,-0.000333801,666,-0.000284704
665,-0.000957191,665,-0.000409944,665,-0.000134948,665,-0.000247399
664,-0.000881764,664,-0.000931,664,-0.00054099,664,-0.000420081
663,-0.000896179,663,-0.000641808,663,-3.68E-06,663,-3.58E-05
662,-0.000676081,662,-0.000418375,662,-0.000450027,662,-8.65E-05
661,-0.000286153,661,-0.000206987,661,4.46E-05,661,0.00022796
660,-0.000630125,660,-0.000268406,660,-3.28E-05,660,-0.000461664
659,-0.000715106,659,-0.000630538,659,-0.000280875,659,-0.000225977
658,-0.000850608,658,-0.000453389,658,-7.36E-05,658,-0.000259869
657,-0.000719655,657,-0.000540111,657,-0.000429805,657,-0.000405444
656,-0.000829526,656,-0.000560225,656,-0.000101823,656,3.45E-05
655,-0.000398358,655,-0.000326869,655,-0.000260128,655,-0.00023198
654,-0.00076679,654,-0.000392306,654,-7.46E-05,654,0.000104204
653,-0.000686884,653,3.65E-05,653,-0.000205745,653,-0.000406996
652,-0.000493468,652,-0.000550556,652,8.00E-06,652,-0.000154356
651,-0.001062096,651,-0.001015871,651,-0.000430684,651,-0.000190013
650,-0.000247451,650,-0.000428977,650,0.000132815,650,0.000254404
649,-0.000568601,649,-0.000495692,649,-0.000104618,649,7.34E-05
648,-0.000239017,648,-0.000515963,648,-0.000293344,648,2.45E-05
647,-0.000614771,647,-0.000482143,647,-0.000365667,647,-0.000348544
646,-0.000817382,646,-0.000590213,646,-3.30E-05,646,-0.000272701
645,-0.000760898,645,-0.000475265,645,-0.000291171,645,-0.000207608
644,-0.000345595,644,-0.000676184,644,-0.000241966,644,-0.000328627
643,-0.000597606,643,-0.000395151,643,-8.75E-05,643,0.000276447
642,-0.000907855,642,-0.00023198,642,-0.000348027,642,-0.00019643
641,-0.000498433,641,-0.000567567,641,-0.000149906,641,-2.30E-05
640,-0.00058039,640,-0.000603397,640,-1.65E-05,640,-0.000410771
639,-0.000420495,639,-0.000128117,639,-4.73E-05,639,5.30E-05
638,-0.000684713,638,-0.000683524,638,-0.000106275,638,-0.000443149
637,-0.000168847,637,-0.000291999,637,0.00012427,637,0.00015682
636,-0.000696033,636,-0.00082255,636,-0.000428357,636,4.56E-05
635,-0.000514774,635,-0.000238448,635,7.12E-05,635,-8.21E-05
634,-0.000636173,634,-0.000291792,634,-0.000464508,634,-0.000174126
633,-0.000674168,633,-0.000239069,633,0.000173108,633,-1.91E-05
632,-0.000541818,632,-0.000563017,632,-1.56E-05,632,-0.000275753
631,-0.000513119,631,-0.000260024,631,0.000332477,631,0.000164873
630,-0.000355269,630,-0.000178887,630,7.66E-06,630,-8.53E-05
629,-0.000661245,629,-0.000344923,629,-0.000458716,629,1.93E-05
628,-0.000536647,628,-0.000364218,628,-9.13E-05,628,-2.93E-05
627,-0.000363235,627,-0.000428305,627,-0.000271304,627,-1.63E-05
626,-0.000768237,626,-6.93E-05,626,5.89E-05,626,0.000293983
625,-0.000377616,625,-0.000314349,625,-0.000213352,625,-0.000290447
624,-0.00022546,624,-1.93E-05,624,0.000410461,624,5.04E-05
623,-0.000232756,623,-0.00031528,623,-9.27E-05,623,-0.000199328
622,-0.000555365,622,-0.000422616,622,-0.000290033,622,4.87E-05
621,-0.000480643,621,-0.000840532,621,-0.000194671,621,0.000137554
620,-0.000451889,620,-0.000453441,620,-0.000301467,620,-5.08E-05
619,-0.00038403,619,2.72E-05,619,0.000287818,619,-6.11E-05
618,-9.05E-05,618,0.000174403,618,0.00024881,618,0.000501597
617,-0.000310417,617,-0.00013971,617,0.000220915,617,0.000114975
616,-0.000142557,616,-0.000184993,616,7.79E-05,616,0.000333798
615,-0.000482505,615,-0.000613633,615,-0.000193998,615,7.30E-06
614,-0.000277823,614,-0.000499519,614,-4.26E-05,614,7.22E-05
613,-0.000283152,613,0.000395433,613,0.000205013,613,6.67E-05
612,-0.000318384,612,-0.000125943,612,0.000454692,612,0.00022392
611,-0.00018815,611,0.000150087,611,0.000383722,611,0.00030077
610,-0.000410771,610,-0.000216819,610,-1.65E-05,610,0.000368229
609,-0.000225046,609,-0.000116627,609,9.91E-05,609,0.000196208
608,-0.000658454,608,-0.000676184,608,7.17E-05,608,0.000288776
607,-0.000314866,607,-0.000201398,607,-0.00021568,607,-8.83E-05
606,-0.000145714,606,-0.000234774,606,0.000464047,606,-0.000115747
605,-1.38E-05,605,4.75E-05,605,0.000601022,605,-3.03E-05
604,-0.000652509,604,-5.80E-05,604,0.000170855,604,-0.00029381
603,-2.62E-05,603,-0.00024207,603,0.000297558,603,-7.51E-06
602,-0.000443562,602,-0.000220492,602,0.000379499,602,0.000162983
601,-0.000421426,601,-4.77E-05,601,0.00037525,601,-4.71E-06
600,-0.000241863,600,-0.000424012,600,0.00053052,600,0.00034815
599,-0.000540732,599,-3.10E-05,599,0.000450209,599,2.00E-05
598,-3.84E-05,598,-9.09E-05,598,0.000587387,598,0.000182975
597,-0.000287912,597,0.000123545,597,0.00044526,597,7.77E-08
596,-0.000245485,596,-0.000239483,596,0.000427691,596,-0.000174954
595,-0.000469835,595,-0.000371667,595,0.000237362,595,-0.000140072
594,-0.000225046,594,0.000171269,594,0.000122536,594,0.000407222
593,-0.000260283,593,-0.000406478,593,0.00039748,593,0.000176216
592,-7.38E-05,592,0.000102961,592,0.000672183,592,0.000315198
591,-0.000236689,591,-0.000214128,591,0.000252436,591,0.000244665
590,-0.000376736,590,-8.18E-06,590,0.000473816,590,4.11E-05
589,-3.12E-05,589,-0.00015151,589,0.000349109,589,0.000365897
588,-7.12E-05,588,3.05E-05,588,0.000299993,588,0.000336156
587,-0.000221993,587,5.72E-06,587,0.000645558,587,0.000259455
586,-0.000397944,586,6.93E-05,586,0.000575334,586,0.000276654
585,-0.000409427,585,-2.51E-05,585,0.000591975,585,7.86E-05
584,-0.00029262,584,-0.000433425,584,0.000580285,584,-3.18E-05
583,-0.000570566,583,-0.001070411,583,5.35E-05,583,-8.60E-05
582,-0.000635863,582,-0.000687763,582,0.000170933,582,-0.000418943
581,-0.000442063,581,-0.000472834,581,0.000166867,581,-3.66E-05
580,-0.000986893,580,-0.000862595,580,-0.000117455,580,-0.0003592
579,-0.000575478,579,-0.000277926,579,0.000144804,579,-0.000174799
578,-0.000868382,578,-0.001004972,578,-2.90E-05,578,-0.000244916
577,-0.000284238,577,-0.000163983,577,0.000558486,577,-5.14E-05
576,-0.00066781,576,-0.000495278,576,1.64E-05,576,-0.000202692
575,-0.000270424,575,-0.00027358,575,0.000607891,575,0.000152443
574,-0.000250193,574,-0.000239431,574,0.000369084,574,1.42E-05
573,-0.000186494,573,-0.000279479,573,0.000675424,573,0.000555246
572,-0.000108552,572,0.000132867,572,0.00090942,572,0.000250079
571,-0.000564672,571,-0.000404616,571,0.000270567,571,-0.000140849
570,-0.000213714,570,-8.07E-05,570,0.000755466,570,-0.000284963
569,-0.000550401,569,-0.000215473,569,0.000246841,569,-4.94E-05
568,-0.000121906,568,-0.000558312,568,0.000665365,568,1.06E-05
567,-0.000223752,567,-0.000304571,567,0.000592468,567,0.000504578
566,-0.000197776,566,0.000375638,566,0.000472572,566,-8.10E-05
565,-0.000245433,565,-3.33E-05,565,0.000612428,565,0.000325379
564,-2.44E-05,564,0.000246686,564,0.001133601,564,0.000353461
563,0.000146021,563,-2.30E-05,563,0.000724194,563,0.000159124
562,-0.000176765,562,4.48E-05,562,0.000745819,562,0.000330223
561,4.09E-05,561,-0.000123044,561,0.000813633,561,0.000325742
560,-0.000351907,560,-0.00018696,560,0.000689269,560,0.000413389
559,5.14E-05,559,8.69E-05,559,0.000654424,559,9.51E-05
558,-0.000346475,558,-5.94E-05,558,0.00065502,558,0.000131624
557,0.000130537,557,2.58E-05,557,0.000448577,557,0.00013802
556,0.000233606,556,-0.00020383,556,0.000604703,556,0.000342192
555,-0.000317919,555,-9.32E-05,555,0.00064535,555,0.000431604
554,-0.000304054,554,-0.000239327,554,0.00024047,554,0.000196545
553,-0.00045101,553,-0.000417547,553,3.00E-05,553,0.000278312
552,0.000325016,552,8.34E-05,552,0.000598378,552,0.000170518
551,-0.000159584,551,2.72E-05,551,0.000477911,551,0.000354368
550,0.000528214,550,0.000343824,550,0.000584173,550,0.000427329
549,-0.000258524,549,-0.000232446,549,0.000142396,549,5.59E-05
548,-0.000122837,548,-0.00016124,548,0.000209468,548,0.000164873
547,-0.000539336,547,-0.00031109,547,-0.000120094,547,-0.000110053
546,-7.29E-05,546,-5.34E-05,546,-0.000141573,546,0.000278053
545,1.95E-05,545,0.000246712,545,0.000315613,545,0.000375457
544,3.73E-05,544,0.000125695,544,0.000255622,544,0.000224541
543,0.000209442,543,0.000285461,543,0.000351311,543,0.000391184
542,-0.000530855,542,-0.000331007,542,-9.09E-05,542,-4.80E-05
541,-0.000370322,541,-0.000279685,541,-0.000116523,541,8.96E-05
540,-0.000481678,540,-6.65E-05,540,0.000271162,540,0.000361208
539,-0.000166208,539,0.00026062,539,-3.52E-05,539,0.000386416
538,-4.90E-05,538,-7.86E-05,538,0.000180359,538,0.000197633
537,8.50E-05,537,0.000397428,537,0.000492734,537,0.000405123
536,7.30E-06,536,-0.000244088,536,-3.83E-06,536,-6.10E-05
535,-0.000393754,535,-0.000241345,535,6.63E-05,535,0.000309344
534,-0.00032423,534,0.000207526,534,-0.000165173,534,-7.85E-05
533,-0.000191876,533,0.000167385,533,0.000364394,533,0.0003267
532,8.93E-05,532,0.000113421,532,2.81E-05,532,0.000104152
531,4.56E-06,531,0.000188387,531,0.000192997,531,9.48E-05
530,-9.11E-06,530,0.000341622,530,0.000243629,530,0.000283518
529,-0.000158652,529,-0.000262663,529,9.39E-05,529,-0.000182768
528,-0.000380667,528,0.000136078,528,0.000183337,528,0.000175646
527,-0.000352941,527,-0.000362666,527,-0.000273891,527,5.82E-05
526,-0.000113935,526,0.000226173,526,0.000310743,526,0.0005779
525,0.000249146,525,0.000377426,525,-4.71E-05,525,0.000489728
524,-0.000128841,524,0.000120386,524,0.000174248,524,0.000268106
523,-0.000224218,523,-0.000333439,523,-6.61E-05,523,7.90E-05
522,-0.000705492,522,-0.000104618,522,6.57E-05,522,7.27E-06
521,-0.000309538,521,-0.000201605,521,-3.04E-05,521,-5.44E-06
520,-6.98E-05,520,-0.000143695,520,3.28E-05,520,4.25E-05
519,-0.000163103,519,4.62E-05,519,3.55E-05,519,0.000309732
518,0.000290874,518,0.000315147,518,1.76E-05,518,6.14E-05
517,9.45E-06,517,0.000153842,517,0.000306391,517,4.94E-05
516,-0.000328058,516,-0.000182199,516,-0.000108449,516,4.74E-05
515,-5.59E-05,515,1.55E-05,515,0.000291289,515,8.78E-05
514,-0.000592695,514,-9.57E-05,514,9.91E-05,514,0.000161766
513,-9.63E-05,513,0.000186548,513,0.000335819,513,0.000236869
512,-0.000411547,512,-2.71E-05,512,-8.45E-05,512,0.000372115
511,9.41E-05,511,0.000378903,511,0.000366493,511,0.000648798
510,-0.00042784,510,5.74E-05,510,0.000186186,510,2.98E-05
509,-0.000240052,509,-0.000160929,509,0.000147705,509,9.29E-05
508,-0.000392668,508,-0.000569739,508,0.000376079,508,0.000196467
507,-4.76E-05,507,-0.000291844,507,-2.43E-05,507,-0.000439373
506,-0.000444907,506,-0.000189961,506,-3.04E-05,506,-1.73E-05
505,1.85E-05,505,1.49E-05,505,3.31E-06,505,0.000274608
504,0.000188594,504,9.97E-05,504,5.73E-05,504,4.36E-05
503,0.000129113,503,0.000466509,503,0.000474827,503,0.000376571
502,0.000161636,502,0.000470059,502,0.000250985,502,-2.32E-05
501,-0.00016331,501,0.000135249,501,0.000286316,501,0.000498539
500,0.000124633,500,0.000376234,500,0.000230394,500,0.000810988
499,0.000241013,499,0.000604418,499,0.000520827,499,0.000750565
498,0.00055421,498,0.000318514,498,0.00053687,498,0.000601203
497,-0.000160308,497,-7.41E-05,497,-4.74E-05,497,0.000240858
496,0.000254611,496,0.000307479,496,0.00049092,496,0.000568569
495,-0.000127858,495,6.38E-05,495,0.000239589,495,-3.38E-05
494,0.000112593,494,0.000101226,494,0.000218688,494,0.000192246
493,-2.33E-05,493,0.000270826,493,0.000264739,493,0.000145193
492,-0.000170038,492,5.85E-05,492,8.02E-05,492,0.000274815
491,1.56E-05,491,0.000175361,491,3.76E-05,491,0.000523263
490,0.000398801,490,0.000544542,490,0.000594075,490,0.000562504
489,-0.000186753,489,0.000316416,489,0.000302505,489,0.000539255
488,0.000170752,488,0.000333721,488,0.000347632,488,4.82E-05
487,0.000181343,487,0.000385328,487,0.000609784,487,0.000613335
486,-7.92E-05,486,0.000279684,486,8.58E-05,486,-0.000107362
485,-3.68E-06,485,0.000260957,485,0.000202527,485,0.00055535
484,0.000456169,484,0.000609317,484,0.000273649,484,0.000584717
483,0.000335638,483,0.000544309,483,0.000430956,483,0.000498721
482,0.000316416,482,0.000362762,482,0.000498954,482,0.000515696
481,0.000434921,481,0.000337943,481,0.000680194,481,0.000834251
480,0.000286056,480,0.000122199,480,0.000463969,480,0.0004939
479,0.000156897,479,0.00055973,479,0.000260258,479,0.000554909
478,0.000512819,478,5.90E-05,478,0.000375638,478,0.000429712
477,0.000739207,477,0.001114681,477,0.000511782,477,0.000838998
476,0.000920055,476,0.000628137,476,0.000836508,476,0.000965428
475,0.000847064,475,0.00067405,475,0.000675683,475,0.000458475
474,0.000772788,474,0.000857153,474,0.000893233,474,0.001359742
473,0.00062036,473,8.46E-05,473,0.00029033,473,0.000469644
472,0.000994252,472,0.000770169,472,0.000605403,472,0.001245709
471,0.001268918,471,0.000625726,471,0.00061025,471,0.001208665
470,0.001383269,470,0.000871341,470,0.001099214,470,0.001151613
469,0.001166641,469,0.00084058,469,0.000719086,469,0.00151017
468,0.001510066,468,0.001001284,468,0.001238882,468,0.001288027
467,0.001185615,467,0.00096932,467,0.000728006,467,0.001193039
466,0.001429339,466,0.001035014,466,0.000975987,466,0.001125504
465,0.001537056,465,0.000897773,465,0.000882235,465,0.001277564
464,0.0020686,464,0.000963301,464,0.001021288,464,0.001404044
463,0.001686376,463,0.000828442,463,0.000791019,463,0.001422639
462,0.001971881,462,0.001053126,462,0.000878241,462,0.001253887
461,0.001478999,461,0.001264115,461,0.00114066,461,0.001429469
460,0.001467493,460,0.000780931,460,0.000567947,460,0.001141932
459,0.001938936,459,0.00149048,459,0.000898784,459,0.001428664
458,0.002061681,458,0.001413134,458,0.000929083,458,0.001283405
457,0.002264522,457,0.001329647,457,0.001338112,457,0.001706698
456,0.002013411,456,0.0016903,456,0.00118006,456,0.001621258
455,0.002167057,455,0.001479467,455,0.00124493,455,0.001372778
454,0.002129857,454,0.001695601,454,0.00120703,454,0.001515131
453,0.002482245,453,0.001705632,453,0.001420613,453,0.00160029
452,0.002858839,452,0.001702384,452,0.00133523,452,0.001479103
451,0.002597358,451,0.00228586,451,0.001164721,451,0.001921541
450,0.003343246,450,0.002563558,450,0.002012423,450,0.001902327
449,0.002755014,449,0.00222034,449,0.001200982,449,0.001991332
448,0.003361324,448,0.002340433,448,0.002092503,448,0.001869776
447,0.003298928,447,0.00298062,447,0.001929211,447,0.002183707
446,0.003650387,446,0.002817306,446,0.002124706,446,0.002186699
445,0.003692783,445,0.002968787,445,0.001917303,445,0.00216867
444,0.004079626,444,0.003517197,444,0.002189743,444,0.002250419
443,0.004483396,443,0.00351858,443,0.002613113,443,0.00262452
442,0.004486195,442,0.0036631,442,0.002529213,442,0.002595952
441,0.00476601,441,0.003907122,441,0.002861106,441,0.002466755
440,0.004980461,440,0.004162101,440,0.002553481,440,0.002943193
439,0.005546337,439,0.004597471,439,0.002955104,439,0.002776949
438,0.005817024,438,0.004991118,438,0.00339443,438,0.003016016
437,0.006334687,437,0.004711001,437,0.003500391,437,0.003275585
436,0.006528602,436,0.004686089,436,0.003567331,436,0.003503522
435,0.00720242,435,0.004679835,435,0.003914149,435,0.003342151
434,0.007484334,434,0.00575312,434,0.004490144,434,0.003648508
433,0.007971875,433,0.00587338,433,0.004520485,433,0.003582886
432,0.008191397,432,0.006159132,432,0.004422016,432,0.003716411
431,0.008585464,431,0.007145549,431,0.004696346,431,0.003508193
430,0.008860405,430,0.006455266,430,0.004470267,430,0.003331847
429,0.009745912,429,0.007995815,429,0.004961242,429,0.003871157
428,0.010346903,428,0.008563128,428,0.005436835,428,0.004120078
427,0.011153347,427,0.009774239,427,0.006148315,427,0.004076935
426,0.011714749,426,0.009323786,426,0.006313858,426,0.004500554
425,0.012508366,425,0.010106736,425,0.006405874,425,0.004642
424,0.013447405,424,0.011142191,424,0.007252455,424,0.005335066
423,0.014275227,423,0.011415487,423,0.007743557,423,0.005391831
422,0.014740354,422,0.011132127,422,0.007921414,422,0.005286247
421,0.015392526,421,0.011903101,421,0.008297136,421,0.005373066
420,0.016179705,420,0.012871813,420,0.008846614,420,0.005558607
419,0.017023956,419,0.013403806,419,0.009053838,419,0.005415394
418,0.01794363,418,0.013961632,418,0.009751815,418,0.005717211
417,0.018744288,417,0.014610894,417,0.009878193,417,0.00583371
416,0.019816393,416,0.015272738,416,0.010295264,416,0.006200802
415,0.020489318,415,0.016044954,415,0.01072022,415,0.006226483
414,0.021716235,414,0.016739981,414,0.011536289,414,0.006621741
413,0.022636555,413,0.01747312,413,0.012064705,413,0.00656555
412,0.02387815,412,0.018526986,412,0.01216652,412,0.006972638
411,0.024419067,411,0.019557392,411,0.012925999,411,0.00723761
410,0.025682062,410,0.019908605,410,0.0133427,410,0.007463555
409,0.027075978,409,0.021139424,409,0.014143097,409,0.007920624
408,0.027995287,408,0.021674763,408,0.014468038,408,0.007796184
407,0.029414527,407,0.022737551,407,0.015587739,407,0.008461732
406,0.03059729,406,0.02363093,406,0.016024997,406,0.008323073
405,0.031929191,405,0.024620436,405,0.016484449,405,0.008864711
404,0.033355162,404,0.026030678,404,0.01737617,404,0.009500942
403,0.034711964,403,0.026822472,403,0.018214922,403,0.009544046
402,0.036237687,402,0.028269593,402,0.018905593,402,0.010092163
401,0.037569612,401,0.028986469,401,0.019692617,401,0.010615163
400,0.03919661,400,0.030311018,400,0.020489996,400,0.010547419
399,0.040723182,399,0.031062195,399,0.021055808,399,0.011225089
398,0.042012036,398,0.032023206,398,0.021610035,398,0.010838811
397,0.044167422,397,0.034177069,397,0.023153484,397,0.012066142
396,0.045826912,396,0.034956656,396,0.023582771,396,0.01213548
395,0.048095938,395,0.037369825,395,0.025197748,395,0.013263
394,0.050182309,394,0.038927436,394,0.026265848,394,0.013432587
393,0.051946171,393,0.039941955,393,0.027059613,393,0.013707728
392,0.054263849,392,0.041608877,392,0.027901562,392,0.013893551
391,0.056611065,391,0.043302238,391,0.029255142,391,0.014912662
390,0.059438732,390,0.045369558,390,0.030758724,390,0.015875928
389,0.062273934,389,0.047136739,389,0.031656716,389,0.015570942
388,0.065442666,388,0.05003034,388,0.033857141,388,0.017253732
387,0.068999514,387,0.052876972,387,0.035192583,387,0.017856957
386,0.073406599,386,0.055798903,386,0.037879094,386,0.019516993
385,0.076594703,385,0.058382809,385,0.039264042,385,0.019648358
384,0.081091553,384,0.061331797,384,0.041506272,384,0.021378731
383,0.08489985,383,0.06545943,383,0.043327067,383,0.021648506
382,0.090369903,382,0.068823583,382,0.046367057,382,0.023859141
381,0.095064059,381,0.072503641,381,0.048567783,381,0.024660025
380,0.100554794,380,0.076218359,380,0.05118566,380,0.025711091
379,0.107519582,379,0.082515232,379,0.055223212,379,0.028050648
378,0.11289575,378,0.085959263,378,0.05717605,378,0.028028751
377,0.120704822,377,0.091716327,377,0.061367814,377,0.03121515
376,0.128442496,376,0.097651817,376,0.065238066,376,0.03256575
375,0.136877522,375,0.103593186,375,0.069356158,375,0.034927506
374,0.146859139,374,0.111890703,374,0.074731842,374,0.037798151
373,0.1564558,373,0.118350111,373,0.079155818,373,0.039897941
372,0.166807771,372,0.126631245,372,0.084995642,372,0.042948488
371,0.177951321,371,0.135537088,371,0.09009546,371,0.045409188
370,0.19025974,370,0.145652056,370,0.096748345,370,0.048928376
369,0.202947259,369,0.152631432,369,0.103144981,369,0.051998075
368,0.218290776,368,0.165769279,368,0.111088276,368,0.056497809
367,0.228782341,367,0.17336221,367,0.115618356,367,0.058185145
366,0.242747203,366,0.184205726,366,0.12330664,366,0.061743524
365,0.257582307,365,0.195803821,365,0.131153867,365,0.066713065
364,0.270740897,364,0.205962122,364,0.138093516,364,0.069711342
363,0.284855336,363,0.217106059,363,0.145302787,363,0.073506691
362,0.299547344,362,0.228348643,362,0.15313232,362,0.077985138
361,0.310992509,361,0.235933915,361,0.157625228,361,0.079237238
360,0.324236244,360,0.247424036,360,0.165403828,360,0.084198058
359,0.336528331,359,0.255934835,359,0.171667516,359,0.086743407
358,0.346988201,358,0.26402384,358,0.176744953,358,0.08928296
357,0.356699586,357,0.273231477,357,0.182313249,357,0.091942787
356,0.365494788,356,0.279274762,356,0.186918631,356,0.094082035
355,0.373173267,355,0.285301834,355,0.191176802,355,0.096772701
354,0.380388498,354,0.290444255,354,0.195239201,354,0.099575654
353,0.385519147,353,0.294788539,353,0.197446063,353,0.101381943
352,0.390003353,352,0.297186375,352,0.199915886,352,0.101299889
351,0.3896029,351,0.297799468,351,0.200077981,351,0.102335349
350,0.391848266,350,0.301287651,350,0.203263655,350,0.104749195
349,0.386279404,349,0.295173317,349,0.19735989,349,0.10006392
348,0.406108797,348,0.311018616,348,0.20774883,348,0.106602453
347,0.406178772,347,0.311035276,347,0.208888158,347,0.107438222
346,0.406172991,346,0.310529381,346,0.208740085,346,0.106547758
345,0.404078722,345,0.308921725,345,0.207359493,345,0.105917677
344,0.402293384,344,0.308420509,344,0.207131356,344,0.106257349
343,0.39983955,343,0.305518299,343,0.20480378,343,0.104659133
342,0.398194403,342,0.304536104,342,0.205128133,342,0.105402105
341,0.395561039,341,0.302473396,341,0.203434065,341,0.104576528
340,0.394035399,340,0.301590174,340,0.2027466,340,0.104675636
339,0.391661435,339,0.299879015,339,0.201441795,339,0.104160242
338,0.390839607,338,0.29867059,338,0.201381654,338,0.103367962
337,0.389520854,337,0.297559708,337,0.200369388,337,0.103442878
336,0.390611231,336,0.298700452,336,0.201283097,336,0.103642933
335,0.391458869,335,0.300634325,335,0.201881304,335,0.104039773
334,0.394129187,334,0.302215159,334,0.203483537,334,0.10445521
333,0.39934355,333,0.305762649,333,0.205809742,333,0.106223464
332,0.405165225,332,0.309934735,332,0.20841156,332,0.107675254
331,0.413918495,331,0.316818178,331,0.213759452,331,0.110183671
330,0.425432175,330,0.325592756,330,0.218992904,330,0.112700917
329,0.43917346,329,0.335930824,329,0.226415217,329,0.115678325
328,0.457494408,328,0.34988308,328,0.235679597,328,0.121011898
327,0.479215682,327,0.367393702,327,0.246397644,327,0.126720518
326,0.504690468,326,0.386390835,326,0.259729087,326,0.133074179
325,0.534433007,325,0.408948153,325,0.274840474,325,0.140934899
324,0.568411052,324,0.434698314,324,0.292430073,324,0.149784952
323,0.60813427,323,0.464761913,323,0.313799709,323,0.160640732
322,0.651387394,322,0.498866558,322,0.334768057,322,0.171542153
321,0.699148178,321,0.534330189,321,0.359030128,321,0.184114754
320,0.750336647,320,0.574278295,320,0.386013866,320,0.197749406
319,0.804843545,319,0.615774751,319,0.413862258,319,0.212238938
318,0.859658957,318,0.657863021,318,0.442134112,318,0.226939336
317,0.916379571,317,0.700983048,317,0.471316844,317,0.241854221
316,0.973347962,316,0.743929923,316,0.500689328,316,0.256324202
315,1.026553273,315,0.78527242,315,0.527803898,315,0.270527512
314,1.076444864,314,0.823447704,314,0.553487599,314,0.284027576
313,1.120042086,313,0.855947077,313,0.575588763,313,0.295446932
312,1.155973792,312,0.883695662,312,0.594869971,312,0.305414498
311,1.182940841,311,0.90594697,311,0.608900487,311,0.313278407
310,1.201517105,310,0.919987083,310,0.618829548,310,0.318374872
309,1.211478233,309,0.928063512,309,0.624289632,309,0.321182072
308,1.21232307,308,0.929085076,308,0.625019312,308,0.322347641
307,1.208204269,307,0.92530036,307,0.623212397,307,0.321251869
306,1.197882533,306,0.91793561,306,0.617896497,306,0.31931001
305,1.183170319,305,0.907073796,305,0.611087441,305,0.315051496
304,1.165821195,304,0.893727362,304,0.602382064,304,0.310653925
303,1.147369981,303,0.880322635,303,0.593676686,303,0.30655098
302,1.128498793,302,0.86558044,302,0.582781434,302,0.301558405
301,1.107872367,301,0.850233316,301,0.573670268,301,0.296075881
300,1.089510322,300,0.835695624,300,0.563331366,300,0.291632623
299,1.069613457,299,0.821325779,299,0.553253412,299,0.286107063
298,1.052244425,298,0.807714582,298,0.545262456,298,0.282428175
297,1.035996318,297,0.794989646,297,0.535855889,297,0.277733296
296,1.020171523,296,0.783076644,296,0.527597904,296,0.27285561
295,1.007313132,295,0.773905873,295,0.522494257,295,0.270848274
294,0.995291293,294,0.765289545,294,0.516672432,294,0.267856777
293,0.987829864,293,0.758261919,293,0.511403441,293,0.26556474
292,0.980631828,292,0.75406456,292,0.509032011,292,0.264398545
291,0.97804296,291,0.752155662,291,0.507508755,291,0.263695121
290,0.977659285,290,0.752313376,290,0.507662892,290,0.264131129
289,0.980743766,289,0.754726052,289,0.508898854,289,0.264399797
288,0.987055719,288,0.759637237,288,0.513009906,288,0.266992152
287,0.996838868,287,0.766822577,287,0.517889559,287,0.269570857
286,1.009541273,286,0.77724725,286,0.52493906,286,0.273276627
285,1.02591157,285,0.789132357,285,0.533220112,285,0.277623802
284,1.046038151,284,0.804522932,284,0.543669999,284,0.283476472
283,1.069423676,283,0.823197722,283,0.556125343,283,0.290012837
282,1.097825885,282,0.844522655,282,0.570897222,282,0.29775703
281,1.130809069,281,0.86992228,281,0.58831507,281,0.306740373
280,1.166922212,280,0.897858262,280,0.607088208,280,0.316348165
279,1.208181381,279,0.929571211,279,0.628835261,279,0.327010751
278,1.253156185,278,0.962955713,278,0.65100944,278,0.339152217
277,1.300105572,277,1.000056028,277,0.675545156,277,0.352175534
276,1.350610971,276,1.038464189,276,0.700895369,276,0.365143865
275,1.400249243,275,1.077024102,275,0.727267802,275,0.378569752
274,1.44926846,274,1.114055634,274,0.752441347,274,0.391768307
273,1.494291663,273,1.149744749,273,0.775712431,273,0.404144853
272,1.536112428,272,1.181499958,272,0.797622681,272,0.415613264
271,1.572358608,271,1.209894061,271,0.815946698,271,0.424195647
270,1.602606177,270,1.232496977,270,0.831816614,270,0.432939231
269,1.629523873,269,1.253022671,269,0.845030427,269,0.439926952
268,1.650425434,268,1.269115925,268,0.856804073,268,0.446088612
267,1.669299006,267,1.284627795,267,0.865986526,267,0.450819999
266,1.687657714,266,1.298479557,266,0.87678653,266,0.456137389
265,1.704247952,265,1.311629772,265,0.885722041,265,0.461445004
264,1.724249482,264,1.327750564,264,0.89598012,264,0.467222303
263,1.745697856,263,1.343904018,263,0.90766412,263,0.472859621
262,1.766537428,262,1.360017419,262,0.9177894,262,0.478886932
261,1.791233778,261,1.378901243,261,0.931587338,261,0.485810578
260,1.81413126,260,1.396925926,260,0.943459153,260,0.492222041